"     46693611     ";"     Location appartement studio 25 m² ROUBAIX (59100) - Petite annonce gratuite     ";"     http://www.topannonces.fr/pro/annonce-location-appartement-v46693611.html     ";"     POUR ETUDIANT-E- F1 disponible pour le 1/8/2015, se composant d'un bureau, pièce principale, kitchenette, salle d'eau douche, lavabo, sanitaire. Chauffage collectif, eau collectif, edf et entretien commun individuel.LOYER 320 E + 72 Charge.(chauffage eau, eclairage entretien commun)pour visite LG 59 TEL 0320735526 (fa 1 loyer);     ";"     ROUBAIX     ";"     03 20 73 55 26     ";"     08/07/2015     ";"     59100     "
"     45451352     ";"     Location appartement 35 m² MENEAC (56490) - Petite annonce gratuite     ";"     http://www.topannonces.fr/pro/annonce-location-appartement-v45451352.html     ";"     loue dans le bourg de MENEAC bel appartement de type 2 comprenant : séjour, cuisine, 1 chambre, WC, salle d'eau, rangement. 1 cave privative. provision pour charges : 25 ?. logement conventionné soumis à conditions de ressources.;     ";"     MENEAC     ";"     02 97 40 51 06     ";"     08/07/2015     ";"     56490     "
"     46591238     ";"     Location appartement studio 21 m² TOULOUSE (31400) - Petite annonce gratuite     ";"     http://www.topannonces.fr/pro/annonce-location-appartement-v46591238.html     ";"     Toulouse rangueil 31400 très agréable t1 meublé de 21m2 avec terrasse, avec entrée indépendante. Logement comprenant une pièce de vie avec clic clac, bureau, un placard, meubles divers, une kitchenette équipée avec placards plaques et frigo, une table pliante. Une salle de bains avec meuble vasque luminaire, douche et wc. Stationnement facile devant maison.Possibilité d'avoir internet en wifi sur demande. 470 euros charges comprises. Proche des facs de rangueil, iut etc.. 470 euros charges comprises. Frais agence 273 euros ttc contact au 05.34.31.82.53 ou 06.67.18.10.14 Réf. annonce : 2394a;     ";"     TOULOUSE     ";"     05 34 31 82 53     ";"     08/07/2015     ";"     31400     "
"     45693676     ";"     Location appartement 3 pièces 60 m² QUESTEMBERT (56230) - Petite annonce gratuite     ";"     http://www.topannonces.fr/pro/annonce-location-appartement-v45693676.html     ";"     Bel appartement offrant entrée, 2 chambres, sdb, wc, séjour/cuisine avec plaques électriques, frigo, cave. Interphone. Commerces à pied. Libre. Réf. annonce : 3569;     ";"     QUESTEMBERT     ";"     02 97 53 03 03     ";"     08/07/2015     ";"     56230     "
"     42469821     ";"     Location appartement 3 pièces 50 m² QUESTEMBERT (56230) - Petite annonce gratuite     ";"     http://www.topannonces.fr/pro/annonce-location-appartement-v42469821.html     ";"     Si vous êtes à la recherche des commodités et des commerces en bas de chez vous, cet appartement est fait pour vous. Salon-séjour avec cuisine ouverte, 2 chambres, 1 sdb, 1 cave. Libre. Réf. annonce : 3439;     ";"     QUESTEMBERT     ";"     02 97 53 03 03     ";"     08/07/2015     ";"     56230     "
"     46427074     ";"     Location maison 4 pièces 80 m² ELVEN (56250) - Petite annonce gratuite     ";"     http://www.topannonces.fr/pro/annonce-location-maison-v46427074.html     ";"     Proche centre bourg, maison récente offrant entrée sur séjour/salon, cuisine ouverte, wc, 1 chambre au rdc avec sde, garage ; à l'étage, 2 chambres, dégagement/bureau, sdb, wc, jardin clos avec terrasse. Libre au 1er septembre Réf. annonce : 3189;     ";"     ELVEN     ";"     02 97 53 03 03     ";"     08/07/2015     ";"     56250     "
"     45930430     ";"     Location maison 3 pièces 60 m² ELVEN (56250) - Petite annonce gratuite     ";"     http://www.topannonces.fr/pro/annonce-location-maison-v45930430.html     ";"     Emplacement privilégié pour cette maison en bon état comprenant : cuisine, séjour avec poêle à bois, salon, une chambre avec placard, wc, sde, chaufferie/buanderie, beau jardin. Libre Réf. annonce : 3700;     ";"     ELVEN     ";"     02 97 53 03 03     ";"     08/07/2015     ";"     56250     "
"     46363997     ";"     Location appartement 2 pièces 33 m² QUESTEMBERT (56230) - Petite annonce gratuite     ";"     http://www.topannonces.fr/pro/annonce-location-appartement-v46363997.html     ";"     Appartement situé en plein centre offrant entrée, séjour, cuisine, chambre+sde, wc. Libre le 01/09/2015. Réf. annonce : 3765;     ";"     QUESTEMBERT     ";"     02 97 53 03 03     ";"     08/07/2015     ";"     56230     "
"     46600689     ";"     Location appartement 2 pièces 49 m² GENNEVILLIERS (92230) - Petite annonce gratuite     ";"     http://www.topannonces.fr/pro/annonce-location-appartement-v46600689.html     ";"     GENNEVILLIERS Au pied de la nouvelle station de tram Courtilles et 5 min. L13, dans une impasse très calme aux constructions neuves  et pavillonnaire, superbe 2p de 49m² env. Avec séjour + cuis. Ouverte équipée de 28m², balcon terrasse (3,5m²), chambre 13m², grande salle de bains avec wc. , Chauffage et eau chaude indiv. électrique, place de parking en sous-sol. Expo Sud-Ouest - Etat impeccable à ne pas manquer !;     ";"     GENNEVILLIERS     ";"     01 75 85 15 11     ";"     08/07/2015     ";"     92230     "
"     46427644     ";"     Location appartement 2 pièces 38 m² TOULOUSE (31200) - Petite annonce gratuite     ";"     http://www.topannonces.fr/pro/annonce-location-appartement-v46427644.html     ";"     Toulouse - au coeur du quartier croix-daurade et des commerces - située sur la ligne b du métro, station borderouge (à 26 minutes à pied ; 2 km), bus 44 et proche du parc de la maourine - normes bbc -résidence récente de standing au calme, entourée d'espaces verts - agréable t2 de 38,7m2 terrasse de 6,4m2 en 3ème étage sans vis a vis se composant d'une entrée avec placard coulissant de 3,9m2 , un séjour carrelé de 17,8m2 avec accès terrasse, ouvert sur une cuisine américaine équipée comprenant une plaque vitro céramique 2 feux, une hottes, un frigo top,placards intégrés( 3 éléments hauts , 2 bas) , une chambre de 11,7m2 avec parquet au sol, salle de bains de 5,3m2 avec meuble vasque luminaire,chauffe serviette électrique, baignoire et wc.Chauffage ind gaz. Place de parking en sous sol. Frais agence 503,1 euros possibilité paiement en 2 fois sans frais. Loyer : 443 + 50 euros. Logement situé au 10 impasse du cimetière 31500 toulouse. Résidence confidence daurade contact au 05.34.31.82.53 ou 06.67.18.10.14 Réf. annonce : 2340;     ";"     TOULOUSE     ";"     05 34 31 82 53     ";"     08/07/2015     ";"     31200     "
